<?xml version="1.0" encoding="UTF-8" standalone="yes"?>
<addon id="repository.SalemRepo" name="Salem Repo" version="1.0.0" provider-name="slmlm2009">
    <extension point="xbmc.addon.repository" name="Salem Repo">
        <dir>
            <info compressed="false">https://raw.githubusercontent.com/slmlm2009/slmlm2009.github.io/master/repo/zips/addons.xml</info>
            <checksum>https://raw.githubusercontent.com/slmlm2009/slmlm2009.github.io/master/repo/zips/addons.xml.md5</checksum>
            <datadir zip="true">https://raw.githubusercontent.com/slmlm2009/slmlm2009.github.io/master/repo/zips/</datadir>
        </dir>
    </extension>
    <extension point="xbmc.addon.metadata">
        <summary>Salem Repo</summary>
        <description>Salem Repo for SalemFlix Build</description>
        <disclaimer></disclaimer>
        <platform>all</platform>
        <assets>
            <icon>icon.png</icon>
            <fanart>fanart.jpg</fanart>
        </assets>
    </extension>
</addon>