<?xml version="1.0" encoding="UTF-8"?>
<addons>
<addon id="plugin.program.SalemFlix" name="[COLOR limegreen]Salem[/COLOR]Flix" version="1.0.0" provider-name="slmlm2009">
    <requires>
        <import addon="xbmc.python" version="2.1.0" />
        <import addon="script.module.requests" />
        <import addon="script.module.six" />
        <import addon="script.kodi.android.update" optional="true" version="1.1.7" />
        <import addon="script.speedtester" optional="true" version="1.1.2" />
    </requires>

    <extension point="xbmc.python.pluginsource" library="default.py">
        <provides>executable</provides>
    </extension>

    <extension point="xbmc.service" library="startup.py" start="startup" />

    <extension point="xbmc.addon.metadata">
        <summary lang="en">[COLOR limegreen]Salem[/COLOR]Flix</summary>
        <description lang="en">[COLOR limegreen]Salem[/COLOR]Flix offers a feature-rich Kodi build designed to deliver an immersive and personalized media streaming experience, akin to popular platforms like Netflix. With its sleek interface, intuitive navigation, and extensive collection of add-ons</description>
        <platform>all</platform>
        <reuselanguageinvoker>false</reuselanguageinvoker>
        <source>https://www.github.com/slmlm2009/plugin.program.SalemFlix/</source>
        <news>
1.0.0
 - Initial Commit
        </news>
        <assets>
            <icon>icon.png</icon>
            <fanart>fanart.png</fanart>
        </assets>
    </extension>
</addon>

<addon id="repository.SalemRepo" name="Salem Repo" version="1.0.0" provider-name="slmlm2009">
    <extension point="xbmc.addon.repository" name="Salem Repo">
        <dir>
            <info compressed="false">https://raw.githubusercontent.com/slmlm2009/slmlm2009.github.io/master/repo/zips/addons.xml</info>
            <checksum>https://raw.githubusercontent.com/slmlm2009/slmlm2009.github.io/master/repo/zips/addons.xml.md5</checksum>
            <datadir zip="true">https://raw.githubusercontent.com/slmlm2009/slmlm2009.github.io/master/repo/zips/</datadir>
        </dir>
    </extension>
    <extension point="xbmc.addon.metadata">
        <summary>Salem Repo</summary>
        <description>Salem Repo for SalemFlix Build</description>
        <disclaimer></disclaimer>
        <platform>all</platform>
        <assets>
            <icon>icon.png</icon>
            <fanart>fanart.jpg</fanart>
        </assets>
    </extension>
</addon>
</addons>
